Date_of_Acq,Author,Book_Title,Type,Genre,Binding,Other Notes,ISBN,Publisher,Condition,Cost_of_Acq,Source_of_Acq
1-Jan-2026,"Adams, Brock",Ember,Fiction,Thriller,Paperback,,9781938235320,Hub City Press,Used,$0.50,Library Sale
1-Jan-2026,"Adams, James",Secret Armies,Nonfiction,History/Military,Hardcover,,0091734525,Hutchinson,Used,$0.00,Donation
1-Jan-2026,Air Force,The Logistics of Waging War,Nonfiction,History/Military,Paperback,,0000000000000,Air Force Logistics Management Center,Used,$0.00,Donation
1-Jan-2026,"Aitkenhead, Decca",All At Sea,Nonfiction,Memoir,Hardcover,,9780385540650,Doubleday,Used,$0.50,Library Sale
1-Jan-2026,"Alam, Rumaan",Leave the World Behind,Fiction,Literary,Hardcover,,9780062667632,Ecco,Used,$0.50,Library Sale
1-Jan-2026,"Alatorre, Dan",The Gamma Sequence,Fiction,Thriller,Paperback,,9781099320934,Great Oak Publishing,Used,$0.50,Library Sale
1-Jan-2026,"Alexander, Kwame",The Crossover,Poetry,Poetry,Paperback,,9780544935204,Clarion Books,Used,$0.50,Thrift
1-Jan-2026,"Alexander, Myrna",Woman of Wisdom: lessons for Living from the Book of Proverbs,Nonfiction,Christian,Paperback,,9780929239569,Discovery House,Used,$0.00,Donation
1-Jan-2026,"Alighieri, Dante",The Divine Comedy,Poetry,Classics,Hardcover,Antique; Boxed,0000000000000,Hertiage Press,Used,$0.00,Donation
1-Jan-2026,"Allen, Navessa",Lights Out,Fiction,Romance,Paperback,,9781638932239,Slowburn,Used,$0.50,Thrift
1-Jan-2026,"Ambrose, Stephen E.",Nothing Like it in the World,Nonfiction,History/Military,Hardcover,,0684846098,Simon & Schuster,Used,$0.00,Donation
1-Jan-2026,"Anderson, Taylor",River of Bones,Fiction,Historical Fiction,Hardcover,,9780399587504,Ace,Used,$1.00,Thrift
1-Jan-2026,"Andrews, V. C. ",If There Be Thorns & Seeds of Yesterday,Fiction,YA,Paperback,,9781442406568,Simon Pulse,Used,$0.50,Library Sale
1-Jan-2026,"Angelucci, Enzo","Combart Aircraft of World War II, 1933-1937",Nonfiction,History/Military,Hardcover,,051756786,Orion Books,Used,$0.00,Donation
1-Jan-2026,"Anne, Sheridan",Pretty Monster,Fiction,Romance,Paperback,,9798865306627,Independently Published,Used,$0.50,Thrift
1-Jan-2026,"Auel, Jean M.",The Mammoth Hunters,Fiction,Historical Fiction,Hardcover,First Edition,0517556278,Crown,Used,$0.00,Donation
1-Jan-2026,"Auel, Jean M.",The Plains of Passage,Fiction,Historical Fiction,Paperback,Trade,9780553381658,Bantam,Used,$0.00,Donation
1-Jan-2026,"Auel, Jean M.",The Plains of Passage,Fiction,Historical Fiction,Paperback,Mass Market,9780553289411,Bantam,Used,$0.00,Donation
1-Jan-2026,"Auel, Jean M.",The Plains of Passage,Fiction,Historical Fiction,Hardcover,First Edition,0517580497,Crown,Used,$0.00,Donation
1-Jan-2026,"Auel, Jean M.",The Shelters of Stone,Fiction,Historical Fiction,Paperback,,9780553382617,Bantam,Used,$0.00,Donation
1-Jan-2026,"Austen, Jane",Sense and Sensibility,Fiction,Classics,Paperback,,0760700451,Barnes & Noble Classics,Used,$0.25,Thrift
1-Jan-2026,"Bamford, James",The Puzzle Palace,Nonfiction,History/Military,Hardcover,,0283989769,Sedgwick & Jackson,Used,$0.00,Donation
1-Jan-2026,"Beah, Ishmael",A Long Way Gone: Memoirs of a Boy Soldier,Nonfiction,Memoir,Paperback,,9780374531263,Sarah Crichton Books,Used,$0.25,Thrift
1-Jan-2026,"Beattie, Melody",The Language of Letting Go,Nonfiction,Health/Psychology,Paperback,,9780062553895,Hazelden,Used,$0.25,Thrift
1-Jan-2026,"Beckwith, Col. Charlie A.",Delta Force: The U.S. Counter-Terrorist Unit and the Iran Hostage Rescue Mission,Nonfiction,History/Military,Hardcover,,0151246572,Harcourt Brace Jovanovich,Used,$0.00,Donation
1-Jan-2026,"Belfoure, Charles",The Paris Architect,Fiction,Historical Fiction,Paperback,,9781402294150,Sourcebooks,Used,$0.50,Library Sale
1-Jan-2026,"Blackman, Raymond V. B.",The World's Warships,Nonfiction,History/Military,Hardcover,,0000000000000,Doubleday,Used,$0.00,Donation
1-Jan-2026,"Blanchard, Ken",The Servant Leader,Nonfiction,Christian,Hardcover,,9780849996597,Countryman,Used,$1.00,Thrift
1-Jan-2026,"Bohjalian, Chris",The Law of Similars,Fiction,Literary,Paperback,Signed,9780679771470,Vintage,Used,$0.00,Donation
1-Jan-2026,"Bohjalian, Chris",The Sandcastle Girls,Fiction,Literary,Paperback,,9780307743916,Vintage,Used,$0.00,Donation
1-Jan-2026,"Bowden, Mark",Guests of the Ayatollah,Nonfiction,History/Military,Hardcover,,9780871139252,Atlantic Monthly Press,Used,$0.00,Donation
1-Jan-2026,"Bowden, Mark",Hue 1968: A Turning Point of the American War in Vietnam,Nonfiction,History/Military,Hardcover,,9780802127006,Atlantic Monthly Press,Used,$0.00,Donation
1-Jan-2026,"Bradley, James",Flags of Our Fathers,Nonfiction,History/Military,Hardcover,,9780553111337,Bantam,Used,$0.00,Donation
1-Jan-2026,"Brandman, Michael",Risk Factor,Fiction,Thriller,Hardcover,,9781464214295,Poisoned Pen,Used,$0.25,Thrift
1-Jan-2026,"Brands, H. W.",Andrew Jackson,Nonfiction,Biography,Hardcover,,0385507380,Doubleday,Used,$0.00,Donation
1-Jan-2026,"Bridges, Morgan",Once You're Mine,Fiction,Romance,Paperback,,9781538772164,Forever,Used,$0.00,Donation
1-Jan-2026,"Brinkley, William",The Last Ship,Fiction,Thriller,Paperback,,0345359828,Ballantine Books,Used,$1.00,Thrift
1-Jan-2026,"Broadbent, Carissa",The Songbird & the Heart of Stone,Fiction,Fantasy,Paperback,,9781260367808,Bramble,Used,$2.00,Thrift
1-Jan-2026,"Brokaw, Tom",The Greatest Generation,Nonfiction,History/Military,Hardcover,,0375502025,Random House,Used,$0.00,Donation
1-Jan-2026,"Brown, Dan",Inferno,Fiction,Thriller,Paperback,Large Print,9780804121064,Random House,Used,$1.00,Thrift
1-Jan-2026,"Brown, Daniel James",The Boys in the Boat,Nonfiction,Memoir,Paperback,,9780147516855,Puffin,Used,$0.00,Donation
1-Jan-2026,"Bryson, Bill",The Body: A Guide for Occupants,Nonfiction,Science,Hardcover,,9780385539302,Doubleday,Used,$0.00,Donation
1-Jan-2026,"Buckley, Julia",Death on the Night of Lost Lizards,Fiction,Mystery,Paperback,,9781984804860,Berkley,Used,$0.00,Donation
1-Jan-2026,"Burian, Natalka",Daughters of the Wild,Fiction,Literary,Hardcover,,9780778310013,Parks Row Books,Used,$0.50,Library Sale
1-Jan-2026,"Bush, George W.",Decision Points,Nonfiction,Memoir,Hardcover,,9780307590619,Crown,Used,$0.50,Library Sale
1-Jan-2026,"Butcher, Jim",Battle Ground,Fiction,Fantasy,Hardcover,,9780593199305,Ace,Used,$0.00,Donation
1-Jan-2026,"Callahan, Ed",The Fondue Cookbook,Nonfiction,Home/Cooking,Paperback,,0000000000000,Pacific Productions,Used,$0.00,Donation
1-Jan-2026,"Callahan, Raymond",The Worst Disaster: The Fall of Singapore,Nonfiction,History/Military,Hardcover,,0000000000000,University of Delaware Press,Used,$0.00,Donation
1-Jan-2026,"Canfield, Jack",Chicken Soup for the Soul Cookbook,Nonfiction,Home/Cooking,Paperback,,1558743545,"Health Communications, Inc.",Used,$0.00,Donation
1-Jan-2026,"Capetta, A. R. (ed.)",Tasting Light,Fiction,Sci-Fi,Paperback,Anthology,9781536232882,MiTeen Press,Used,$0.50,Library Sale
1-Jan-2026,"Carey, Peter",My Life as a Fake,Fiction,Literary,Paperback,,1400030889,Vintage,Used,$0.50,Library Sale
1-Jan-2026,"Carlisle, Bob",Butterfly KissesL Tender Thoughts Shared Between Fathers and Daughters,Nonfiction,Inspirational,Hardcover,,0849953537,Countryman,Used,$0.00,Donation
1-Jan-2026,"Carlson, Richard Ph.D.",Don't Sweat the Small Stuff,Nonfiction,Inspirational,Paperback,,9780786881852,Hyperion,Used,$1.00,Thrift
1-Jan-2026,"Carmack, Robert",Fondue,Nonfiction,Home/Cooking,Hardcover,,9625939385,Periplus,Used,$0.00,Donation
1-Jan-2026,"Carson, Ben",America the Beautiful,Nonfiction,Politics,Paperback,,9780310330912,Zondervan,Used,$0.00,Donation
1-Jan-2026,"Cassin-Scott, Jack",Making Model Soldiers,Nonfiction,History/Military,Hardcover,,090379201X,Hope,Used,$0.00,Donation
1-Jan-2026,"Cave, Philip",Creating Japanese Gardens,Nonfiction,Home/Cooking,Hardcover,,080481838X,Tuttle,Used,$0.00,Donation
1-Jan-2026,"Cawdron, Peter",Retrograde,Fiction,Sci-Fi,Hardcover,,9781328834553,HMH,Used,$0.50,Thrift
1-Jan-2026,"Chambers, Mark L.",Building a PC for Dummies,Nonfiction,Business/Tech,Paperback,,0471767727,Wiley,Used,$0.00,Donation
1-Jan-2026,"Chandler, David G.",The Campaigns of Napoleon,Nonfiction,History/Military,Hardcover,,0025236601,MacMillan,Used,$0.00,Donation
1-Jan-2026,"Chant, Chris",The World's Armies,Nonfiction,History/Military,Hardcover,,0715376888,David & Charles,Used,$0.00,Donation
1-Jan-2026,"Charles, Janet Skeslien",The Paris Library,Fiction,Historical Fiction,Paperback,,9781529335460,Two Roads,Used,$1.00,Thrift
1-Jan-2026,"Ching, Francis D. K.",Building Construction Illustrated,Nonfiction,Home/Cooking,Paperback,,0442215320,Van Nostrand Reinhold,Used,$0.00,Donation
1-Jan-2026,Civil War Times Illustrated,Gettysburg,Nonfiction,History/Military,Stapled,,0000000000000,Eastern Acorn Press,Used,$0.00,Donation
1-Jan-2026,Civil War Times Illustrated,The Battle of Stones River,Nonfiction,History/Military,Stapled,Local,0000000000000,Eastern Acorn Press,Used,$0.00,Donation
1-Jan-2026,Civil War Times Illustrated,The Battles for Franklin & Nashville,Nonfiction,History/Military,Stapled,Local,0000000000000,Eastern Acorn Press,Used,$0.00,Donation
1-Jan-2026,"Clancy, Tom",Clear and Present Danger,Fiction,Thriller,Hardcover,,0399134409,Putnam,Used,$0.00,Donation
1-Jan-2026,"Clancy, Tom",Dead or Alive,Fiction,Thriller,Hardcover,,9780399157233,Putnam,Used,$0.00,Donation
1-Jan-2026,"Clancy, Tom",Debt of Honor,Fiction,Thriller,Hardcover,,0399139540,Putnam,Used,$0.00,Donation
1-Jan-2026,"Clancy, Tom",Executive Orders,Fiction,Thriller,Hardcover,,0399142185,Putnam,Used,$0.00,Donation
1-Jan-2026,"Clancy, Tom",Fighter Wing: A Guided Tour of an Air Force Combat wing,Nonfiction,History/Military,Paperback,,9780425149579,Berkley,Used,$0.00,Donation
1-Jan-2026,"Clancy, Tom",Into the Storm: A Study in Command,Nonfiction,History/Military,Hardcover,,0399142363,Putnam,Used,$0.00,Donation
1-Jan-2026,"Clancy, Tom",Patriot Games,Fiction,Thriller,Hardcover,,0399132414,Putnam,Used,$0.00,Donation
1-Jan-2026,"Clancy, Tom",Rainbow Six,Fiction,Thriller,Hardcover,,0399143904,Putnam,Used,$0.00,Donation
1-Jan-2026,"Clancy, Tom",Red Storm Rising,Fiction,Thriller,Hardcover,,0399131493,Putnam,Used,$0.00,Donation
1-Jan-2026,"Clancy, Tom",Without Remorse,Fiction,Thriller,Hardcover,,0399138250,Putnam,Used,$0.00,Donation
1-Jan-2026,"Clapsaddle, Annette Saunooke",Even as We Breathe,Fiction,Literary,Hardcover,,9781950564064,Fireside Industries,Used,$0.50,Library Sale
1-Jan-2026,"Coben, Harlan",Missing You,Fiction,Thriller,Hardcover,Signed,9780525953494,Dutton,Used,$0.50,Library Sale
1-Jan-2026,"Coggins, Jack",Arms and Equipment of the Civial War,Nonfiction,History/Military,Paperback,,0000000000000,Broadfoot,Used,$0.00,Donation
1-Jan-2026,"Coggins, Jack",The Campaign for Guadalcanal,Nonfiction,History/Military,Hardcover,,0385043546,Doubleday,Used,$0.00,Donation
1-Jan-2026,"Collins, Suzanne",The Ballad of Songbirds and Snakes,Fiction,YA,Hardcover,,9781338635171,Scholastic,Used,$1.00,Thrift
1-Jan-2026,"Collins, Suzanne",The Hunger Games,Fiction,YA,Paperback,,9780439023528,Scholastic,Used,$0.00,Donation
1-Jan-2026,"Condon, Richard W.",The Winter War: Russia Against Finland,Nonfiction,History/Military,Paperback,,028902,Ballantine Books,Used,$0.00,Donation
1-Jan-2026,"Cooper, Bryan",PT Boats,Nonfiction,History/Military,Paperback,,34501944X,Ballantine Books,Used,$0.00,Donation
1-Jan-2026,"Cooper, James Fenimore",The Last of the Mohicans,Fiction,Classics,Hardcover,,0684187116,Scribners,Used,$0.00,Donation
1-Jan-2026,"Cordesman, Anthony H.","The Lessons of Modern War, Volume II",Nonfiction,History/Military,Hardcover,,0813309557,Westview Mansell,Used,$0.00,Donation
1-Jan-2026,"Cordova, Zoraida",The Inheritance of Orquidea Divina,Fiction,Literary,Hardcover,,9781982102548,Atria Books,Used,$0.50,Library Sale
1-Jan-2026,"Cornwell, Bernard",The Pale Horseman,Fiction,Historical Fiction,Hardcover,,9780060787127,Harper Collins,Used,$0.50,Library Sale
1-Jan-2026,"Cowley, Malcom (ed.)",The Portable Faulkner,Fiction,Classics,Paperback,,014243728X,Penguin Classics,Used,$0.50,Library Sale
1-Jan-2026,"Creswick, Paul",Robin Hood,Fiction,Classics,Hardcover,,0684181622,Scribners,Used,$0.00,Donation
1-Jan-2026,"Crichton, Michael",Jurassic Park,Fiction,Sci-Fi,Paperback,,9780345370775,Ballantine Books,Used,$0.75,Thrift
1-Jan-2026,"Crocker, Betty",Betty Crocker's Cookbook,Nonfiction,Home/Cooking,Hardcover,,0307098001,Golden Press,Used,$0.00,Donation
1-Jan-2026,"Cron, Ian",The Road Back to You Study Guide,Nonfiction,Christian,Paperback,,9780830846207,Formatio,Used,$0.00,Donation
1-Jan-2026,"Cron, Ian",The Road Back to You: An Enneagram Journey to Self-Discovery,Nonfiction,Christian,Hardcover,,9780830846191,Formatio,Used,$0.00,Donation
1-Jan-2026,"Cronin, Vincent",Napoleon Bonaparte: An Intimate Biography,Nonfiction,History/Military,Hardcover,,0000000000000,William Morrow,Used,$0.00,Donation
1-Jan-2026,"Crowl, Philip A.",Campaign in the Marianas: The War in the Pacific,Nonfiction,History/Military,Hardcover,,0000000000000,National Historical Society,Used,$0.00,Donation
1-Jan-2026,"Crowl, Philip A.",Seizure of the Gilberts and Marshalls: The War in the Pacific,Nonfiction,History/Military,Hardcover,,0000000000000,National Historical Society,Used,$0.00,Donation
1-Jan-2026,"Cussler, Clive",Atlantis Found,Fiction,Thriller,Hardcover,,0399145885,Putnam,Used,$0.00,Donation
1-Jan-2026,"Cussler, Clive",Black Wind,Fiction,Thriller,Paperback,,9780399152598,Putnam,Used,$2.00,Thrift
1-Jan-2026,"Cussler, Clive",Fire Ice,Fiction,Thriller,Hardcover,,9780399148728,Putnam,Used,$2.00,Thrift
1-Jan-2026,"Cussler, Clive",Shock Wave,Fiction,Thriller,Hardcover,,068480297X,Simon & Schuster,Used,$0.00,Donation
1-Jan-2026,"Cussler, Clive",The Assassin,Fiction,Thriller,Paperback,,9780425280171,Putnam,Used,$1.00,Thrift
1-Jan-2026,"Cussler, Clive",The Corsican Shadow,Fiction,Thriller,Hardcover,,9780593544174,Putnam,Used,$0.00,Donation
1-Jan-2026,"Cussler, Clive",The Titanic Secret,Fiction,Thriller,Paperback,,9780735217287,Putnam,Used,$0.00,Donation
1-Jan-2026,"D'Este, Carlo",Decision in Normandy,Nonfiction,History/Military,Hardcover,,052524218X,Dutton,Used,$0.00,Donation
1-Jan-2026,"D'Souza, Dinesh",What's So Great About America,Nonfiction,Politics,Paperback,,9780142003018,Penguin,Used,$0.00,Donation
1-Jan-2026,"Daly, Ron Reid",Selous Scouts Top Secret War,Nonfiction,History/Military,Hardcover,,620057718,Galago,Used,$0.00,Donation
1-Jan-2026,"Darden, Christopher",In Contempt,Nonfiction,True Crime,Hardcover,,0060391839,Regan Books,Used,$0.00,Donation
1-Jan-2026,"Davenport, Thomas H.",Competing on Analytics,Nonfiction,Business/Tech,Hardcover,,9781422103326,Harvard Business School,Used,$1.00,Thrift
1-Jan-2026,"Dawkins, Richard",Outgrowing God,Nonfiction,Science,Hardcover,,9781984853912,Penguin Random House,Used,$1.00,Thrift
1-Jan-2026,"De Bodard, Aliette",The House of Binding Thorns,Fiction,Fantasy,Hardcover,,9780451477392,Ace,Used,$0.00,Donation
1-Jan-2026,"DeChiara, Joseph",Time-Saver Standards for Interior Design and Space Planning,Nonfiction,Home/Cooking,Hardcover,,0070162999,McGraw-Hill,Used,$0.00,Donation
1-Jan-2026,"Defoe, Daniel",Robinson Carusoe,Fiction,Classics,Hardcover,,0684179466,Scribners,Used,$1.00,Thrift
1-Jan-2026,"Degrelle, Leon",Campaign in Russia: The Western SS on the Eastern Front,Nonfiction,History/Military,Hardcover,,0939484188,Institute for Historical Review,Used,$0.00,Donation
1-Jan-2026,"Dekker, Ted",Outlaw,Fiction,Literary,Hardcover,,9781599954158,Center Street,Used,$0.50,Library Sale
1-Jan-2026,"Dempster, Chris",Fire Power: Two Professional Mercenaries Reveal the Shattering Facts Behind Today's Mercenary Scene,Nonfiction,History/Military,Hardcover,,0312291159,St. Martin's,Used,$0.00,Donation
1-Jan-2026,"Dewar, Carolyn",A CEO for All Seasons,Nonfiction,Business/Tech,Hardcover,,9781868098349,Scribners,Used,$0.50,Library Sale
1-Jan-2026,"Dickens, Charles",Great Expectations,Fiction,Classics,Paperback,,9780486415864,Dover,Used,$1.00,Thrift
1-Jan-2026,"Doig, Ivan",This House of Sky,Nonfiction,Memoir,Paperback,,0156899825,Harcourt,Used,$0.50,Library Sale
1-Jan-2026,"Dotta, Jessica",Born of Persuasion,Fiction,Historical Fiction,Paperback,,9781414375557,Tyndale,Used,$1.00,Thrift
1-Jan-2026,"Doughty, Charles M.",Travels in Arabia Deserta,Fiction,Classics,Hardcover,Antique; Boxed,0000000000000,Heritage Press,Used,$0.00,Donation
1-Jan-2026,"Douglass, Frederick",My Bondage and My Freedom,Nonfiction,Classics,Paperback,,9781593083014,Barnes & Noble Classics,Used,$0.25,Thrift
1-Jan-2026,"Doyle, Catherine",The Dagger and the Flame,Fiction,YA,Hardcover,,9781665955119,McElderry Books,Used,$0.50,Thrift
1-Jan-2026,"Dozois, Gardner (ed.)",The Book of Swords,Fiction,Fantasy,Hardcover,Anthology,9780399593765,Bantam,Used,$0.00,Donation
1-Jan-2026,"Dupuy, Trevor N.",Flawed Victory: The Arab-Israeli Conflict and the 1982 War in Lebanon,Nonfiction,History/Military,Hardcover,,9780915979071,Hero Books,Used,$0.00,Donation
1-Jan-2026,"Dyer, Jenny Eaton (ed.)",The End of Hunger: Renewed Hope for Feeding the World,Nonfiction,Science,Paperback,,9780830845712,IVP,Used,$0.75,Thrift
1-Jan-2026,"Ennes, James M. Jr.",Assault on the Liberty,Nonfiction,History/Military,Hardcover,,394505123,Random House,Used,$0.00,Donation
1-Jan-2026,"Enright, Joseph F.",Shinano! The Sinking of Japan's Secret Supership,Nonfiction,History/Military,Hardcover,,031200186X,St. Martin's,Used,$0.00,Donation
1-Jan-2026,"Ethell, Jeffrey",Air War South Atlantic,Nonfiction,History/Military,Hardcover,,028399035X,Sigdgwick & Jackson,Used,$0.00,Donation
1-Jan-2026,"Evans, Jon",Exadelic,Fiction,Sci-Fi,Hardcover,,9781250877734,Tor,Used,$0.50,Library Sale
1-Jan-2026,"Evans, Larry","Illustration Guide for Architects, Designers, and Students",Nonfiction,Home/Cooking,Paperback,,0442221991,Van Nostrand Reinhold,Used,$0.00,Donation
1-Jan-2026,"Eyres, Kevin",The Secrets of Ireland,Nonfiction,Travel,Hardcover,,9781435132795,Flame Tree,Used,$0.00,Donation
1-Jan-2026,"Farrow, Anne","Complicity: How the North Promoted, Prolonged, and Profited from Slavery",Nonfiction,History/Military,Paperback,,9780345467836,Ballantine Books,Used,$0.50,Library Sale
1-Jan-2026,FC&A Publishing (ed.),"Fix it, Clean it, and Make it Last",Nonfiction,Home/Cooking,Paperback,,9781932470395,FC&A Publishing,Used,$0.75,Thrift
1-Jan-2026,"Fergus, Jim",One Thousand White Women,Fiction,Literary,Paperback,,9780312199432,St. Martin's,Used,$1.50,Thrift
1-Jan-2026,Fine Woodworking,Biennial Design Book,Nonfiction,Home/Cooking,Paperback,,0918804000,The Taunton Press,Used,$0.00,Donation
1-Jan-2026,"Finn, A. J. ",The Woman in the Window,Fiction,Thriller,Hardcover,,9780062678416,William Morrow,Used,$0.50,Library Sale
1-Jan-2026,"Fiorato, Marina",The Glassblower of Murano,Fiction,Historical Fiction,Paperback,,9780312386986,St. Martin's,Used,$0.50,Library Sale
1-Jan-2026,"Fisher, David",Bill O'Reilly's Legends & Lies: The Civil War,Nonfiction,History/Military,Hardcover,,9781250109842,Henry Holt,Used,$0.00,Donation
1-Jan-2026,"Fisher, David",Bill O'Reilly's Legends & Lies: The Real West,Nonfiction,History/Military,Hardcover,,9781627795074,Henry Holy,Used,$0.00,Donation
1-Jan-2026,"Flynn, Gillian",Sharp Objects,Fiction,Thriller,Paperback,,9781474601610,W&N,Used,$0.00,Donation
1-Jan-2026,FM 5-25,Explosives and Demolitions,Nonfiction,History/Military,Paperback,,0000000000000,Army,Used,$0.00,Donation
1-Jan-2026,"Follett, Ken",Hornet Flight,Fiction,Historical Fiction,Hardcover,,9780525946896,Dutton,Used,$2.00,Thrift
1-Jan-2026,"Fortune, Carley",Every Summer After,Fiction,Romance,Paperback,,9780593438534,Berkley,Used,$0.00,Donation
1-Jan-2026,"Fortune, Carley",One Golden Summer,Fiction,Romance,Paperback,,9780593954805,Berkley,Used,$0.00,Donation
1-Jan-2026,"Fowler, Therese Anne",It All Comes Down to This,Fiction,Literary,Hardcover,,9781250278074,St. Martin's,Used,$0.00,Donation
1-Jan-2026,"Fox, H. Eddie",Faith-Sharing,Nonfiction,Christian,Paperback,,9780881771589,Discipleship Resources,Used,$0.00,Donation
1-Jan-2026,Frommer's,"Washington, D. C. with Kids",Nonfiction,Travel,Paperback,,0471773441,Wiley,Used,$0.00,Donation
1-Jan-2026,"Fursdon, Maj. Gen Edward",Falklands Aftermath: Picking Up the Pieces,Nonfiction,History/Military,Hardcover,,0850522056,Leo Cooper,Used,$0.00,Donation
1-Jan-2026,"Garmus, Bonnie",Lessons in Chemistry,Fiction,Romance,Hardcover,,9780385547345,Doubleday,Used,$2.00,Thrift
1-Jan-2026,"Gavin, Michael T.",Tennessee iron Furnace Trail,Nonfiction,History/Military,Spiralbound,Local,0000000000000,Middle Tennessee State University,Used,$0.00,Donation
1-Jan-2026,"George, Jean Craighead",My Side of the Mountain,Fiction,YA,Paperback,,9780142401118,Puffin,Used,$0.50,Thrift
1-Jan-2026,"Gilbert, Elizabeth","Eat, Pray, Love",Nonfiction,Memoir,Paperback,,9780143038412,Penguin Books,Used,$0.00,Donation
1-Jan-2026,"Gladwell, Malcolm",Outliers,Nonfiction,Self-Help,Paperback,,9780316017930,Back Bay Books,Used,$1.00,Thrift
1-Jan-2026,"Glover, Michael",The Napoleonic Wars: An Illustrated History 1792-1815,Nonfiction,History/Military,Hardcover,,978088254473X,Hippocrene Books,Used,$0.00,Donation
1-Jan-2026,"Goldin, Megan",The Escape Room,Fiction,Thriller,Paperback,,9781250219664,St. Martin's,Used,$0.00,Donation
1-Jan-2026,"Gottfried, Sara M.D",The Hormone Reset Diet,Nonfiction,Health/Psychology,Paperback,,9780062316257,HarperOne,Used,$0.50,Thrift
1-Jan-2026,"Gragg, Rod",Confederate Goliath: The Battle of Fort Fisher,Nonfiction,History/Military,Hardcover,,0060160969,Harper Collins,Used,$0.00,Donation
1-Jan-2026,"Graham, Heather",Blood Moon,Fiction,Thriller,Paperback,,9780765389732,Tor,Used,$0.00,Donation
1-Jan-2026,"Grant, Charles",The War Game,Nonfiction,History/Military,Hardcover,,0000000000000,St. Martin's,Used,$0.00,Donation
1-Jan-2026,"Grassi, Angela",The Dietitian's Guide to Polycystic Ovarian Syndrome,Nonfiction,Health/Psychology,Paperback,,9780615154565,Luca Publishing,Used,$0.50,Thrift
1-Jan-2026,"Grassi, Jim",Guts Grace & Glory,Nonfiction,Inspirational,Paperback,,9781595306494,Countryman,Used,$0.00,Donation
1-Jan-2026,"Green, Jocelyn",A Refuge Assured,Fiction,Historical Fiction,Paperback,,9780764219078,Bethany House Publishers,Used,$0.00,Donation
1-Jan-2026,"Green, Jonathon",The Vulgar Tongue,Nonfiction,Languages,Hardcover,,9780199398140,Oxford University Press,Used,$0.00,Donation
1-Jan-2026,"Griffin, W. E. B.",Behind the Lines,Fiction,Thriller,Hardcover,,0399140867,Putnam,Used,$0.00,Donation
1-Jan-2026,"Grisham, John",The Guardian,Fiction,Thriller,Hardcover,,9780385544184,Doubleday,Used,$0.50,Thrift
1-Jan-2026,"Grogan, John",Marley & Me,Nonfiction,Memoir,Hardcover,,9780060817084,William Morrow,Used,$1.00,Thrift
1-Jan-2026,"Gruener, Ruth",Out of Hiding,Fiction,YA,Paperback,,9781338627466,Scholastic,Used,$0.50,Thrift
1-Jan-2026,"Guderian, Heinz",Panzer Leader,Nonfiction,History/Military,Hardcover,,9780939482061,The Nonntide Press,Used,$0.00,Donation
1-Jan-2026,"Guiliano, Mirielle",French Women Don't Get Fat,Nonfiction,Health/Psychology,Hardcover,,9781400042127,Knopf,Used,$1.00,Thrift
1-Jan-2026,"Gutman, Stephanie","The Kinder, Gentler Military",Nonfiction,History/Military,Hardcover,,0684852918,Scribners,Used,$0.00,Donation
1-Jan-2026,"Hackett, John","The Third World War, August 1985",Nonfiction,History/Military,Hardcover,,0025471600,MacMillan,Used,$0.00,Donation
1-Jan-2026,"Hale, Donald R.",They Called Him Bloody Bill,Nonfiction,Biography,Paperback,,0000000000000,The Printery,Used,$0.00,Donation
1-Jan-2026,"Hallahan, William H.",Misfire: The History of How America's Small Arms Have Failed our Military,Nonfiction,History/Military,Hardcover,,9780684193590,Scribners,Used,$0.00,Donation
1-Jan-2026,"Hamilton, Adam",Confronting the Controversies,Nonfiction,Christian,Paperback,,9780687346002,Abingdon Press,Used,$0.00,Donation
1-Jan-2026,"Hamilton, Adam",Enough: Discovering Joy Through Simplicity and Generosity,Nonfiction,Inspirational,Paperback,,9781426702334,Abingdon Press,Used,$0.00,Donation
1-Jan-2026,"Hamlyn, Paul",The Life and Times of Napoleon,Nonfiction,History/Military,Hardcover,,0000000000000,Portraits of Greatness,Used,$0.00,Donation
1-Jan-2026,"Harnish, James A.",Journey to the Center of the Faith,Nonfiction,Christian,Paperback,,9780687098432,Abingdon Press,Used,$0.00,Donation
1-Jan-2026,"Harris, C. S. ",What the Devil Knows,Fiction,Mystery,Hardcover,,9780593102664,Berkley,Used,$1.00,Thrift
1-Jan-2026,"Harris, Thomas",Hannibal,Fiction,Thriller,Hardcover,,978038529929X,Delacorte Press,Used,$1.50,Thrift
1-Jan-2026,"Hastings, Max",The Battle for the Falklands,Nonfiction,History/Military,Hardcover,,0718122283,Michael Joseph,Used,$0.00,Donation
1-Jan-2026,"Hastings, Max",The Korean War,Nonfiction,History/Military,Paperback,,067166834X,Touchstone,Used,$0.00,Donation
1-Jan-2026,"Hastings, Max",The Oxford Book of Military Anecdotes,Nonfiction,History/Military,Paperback,,0195205286,Oxford,Used,$0.00,Donation
1-Jan-2026,"Hatmaker, Jen","Fierce, Free, and Full of Fire",Nonfiction,Inspirational,Hardcover,,9780718088149,Thomas Nelson,Used,$0.00,Donation
1-Jan-2026,"Hayes, Walker",Glad You're Here,Nonfiction,Memoir,Paperback,,9780802424716,Moody Publishers,Used,$0.00,Donation
1-Jan-2026,"Heinl, Robert Debs Jr.",Dictionary of Military and Naval Quotations,Nonfiction,History/Military,Hardcover,,0870211498,Naval Institute Press,Used,$0.00,Donation
1-Jan-2026,"Helgesen, Sally",How Women Rise,Nonfiction,Business/Tech,Hardcover,,9780316440127,Hachette Books,Used,$1.50,Thrift
1-Jan-2026,"Heller, Joseph",Catch-22,Fiction,Classics,Paperback,,9780684833395,Simon & Schuster,Used,$0.00,Donation
1-Jan-2026,"Hemingway, Ernest",A Farewell to Arms,Fiction,Classics,Paperback,,9780684801469,Scribners,Used,$1.00,Thrift
1-Jan-2026,"Henry, Robert Selph",The First with the Most: Forrest,Nonfiction,History/Military,Hardcover,,0000000000000,Broadfoot Publishing Company,Used,$0.00,Donation
1-Jan-2026,"Heughan, Sam",Waypoints: My Scottish Journey,Nonfiction,Travel,Hardcover,,9780316495530,Voracious,Used,$0.25,Thrift
1-Jan-2026,"Higgins, Jack",Rain on the Dead,Fiction,Thriller,Paperback,,9780425278079,Berkley,Used,$1.00,Thrift
1-Jan-2026,"Hildebrand, Elin",Golden Girl,Fiction,Literary,Paperback,,9780316420075,Back Bay Books,Used,$1.00,Thrift
1-Jan-2026,"Hildebrand, Elin",Winter Street,Fiction,Romance,Paperback,,9780316564557,Back Bay Books,Used,$0.50,Library Sale
1-Jan-2026,"Hill, Napoleon",Think and Grow Rich,Nonfiction,Business/Tech,Paperback,,9781585424337,Tarcher Penguin,Used,$0.25,Thrift
1-Jan-2026,"Hinson, Clara Walton",My Life: Seems Like Yesterday,Nonfiction,Memoir,Paperback,"Signed, Local",0000000000000,Independently Published,Used,$0.00,Donation
1-Jan-2026,"Hinson, Clara Walton",My Life: Seems Like Yesterday,Nonfiction,Memoir,Paperback,"Signed, Local",0000000000000,Independently Published,Used,$0.00,Donation
1-Jan-2026,"Hjert, Jeri",Loom Construction,Nonfiction,Home/Cooking,Hardcover,,0442234163,Van Nostrand Reinhold,Used,$0.00,Donation
1-Jan-2026,"Hodges, Andrew Gerow Jr.",Behind Nazi Lines,Nonfiction,History/Military,Paperback,,9780593184806,Caliber,Used,$0.50,Library Sale
1-Jan-2026,"Hollis, Rachel","Girl, Wash Your Face",Nonfiction,Inspirational,Hardcover,,9781400201655,Nelson Books,Used,$1.00,Thrift
1-Jan-2026,Honor Books,God's Little Instruction Book for Women,Nonfiction,Christian,Hardcover,,1562922645,Honor Books,Used,$0.00,Donation
1-Jan-2026,"Horowitz, Alexander",Inside of a Dog,Nonfiction,Science,Paperback,,9781416583431,Scribners,Used,$0.50,Library Sale
1-Jan-2026,"Hough, Richard","The Longest Battle: The War at Sea, 1939-45",Nonfiction,History/Military,Paperback,,0688079539,Quill,Used,$0.00,Donation
1-Jan-2026,"Hoyt, Edwin P.",Carrier Wars,Nonfiction,History/Military,Hardcover,,0070306257,McGraw-Hill,Used,$0.00,Donation
1-Jan-2026,"Hull, William H. ",Nurse: Hearts and Hands,Nonfiction,Memoir,Paperback,,9780939330040,Stanton,Used,$0.50,Thrift
1-Jan-2026,"Hunt, Harrison",Hallowed Ground: Battlefields of the Civial War,Nonfiction,History/Military,Hardcover,,0792452135,Mallard Press,Used,$0.00,Donation
1-Jan-2026,"Hurst, Jack",Nathan Bedford Forrest: A Biography,Nonfiction,History/Military,Hardcover,,9780394551893,Knopf,Used,$0.00,Donation
1-Jan-2026,"Huston, James",The Sinews of War: Army Logistics 1775-1953,Nonfiction,History/Military,Hardcover,,0000000000000,United States Army,Used,$0.00,Donation
1-Jan-2026,"Hythe, Viscount (ed.)",The Naval Annual 1913,Nonfiction,History/Military,Hardcover,,0000000000000,Arco,Used,$0.00,Donation
1-Jan-2026,"Iles, Greg",Cemetery Road,Fiction,Thriller,Paperback,,9780062824677,William Morrow,Used,$0.00,Donation
1-Jan-2026,"Isay, Dave",Listening is an Act of Love,Nonfiction,Memoir,Paperback,,9780143114345,Penguin,Used,$1.00,Thrift
1-Jan-2026,"Jackson, Lisa",One Last Breath,Fiction,Thriller,Paperback,,9781496745507,Kensington Books,Used,$0.00,Donation
1-Jan-2026,"James, E. L. ",Fifty Shades of Grey,Fiction,Romance,Paperback,,9780345803481,Vintage,Used,$1.00,Thrift
1-Jan-2026,"James, Henry",The Turn of the Screw and The Aspern Papers,Fiction,Classics,Paperback,,9780141439907,Penguin Classics,Used,$1.00,Thrift
1-Jan-2026,"James, Stephen",Wild Things: The Art of Nurturing Boys,Nonfiction,Health/Psychology,Paperback,,9781414322278,Tyndale,Used,$1.00,Thrift
1-Jan-2026,"Jance, J. A.",Queen of the Night,Fiction,Thriller,Paperback,,9780063325517,William Morrow,Used,$0.00,Donation
1-Jan-2026,"Jankowski, Wanda",Lighting: Exteriors & Landscapes,Nonfiction,Home/Cooking,Hardcover,,0866362371,"PBC International, Inc.",Used,$0.00,Donation
1-Jan-2026,"Jarman, Mark",To the Green Man,Poetry,Poetry,Paperback,,9781932511032,Sarabande Books,Used,$0.00,Donation
1-Jan-2026,"Jemisin, N. K. ",The Dreamblood Duology,Fiction,Fantasy,Paperback,,9780316333955,Orbit,Used,$0.00,Donation
1-Jan-2026,"Jenoff, Pam",The Orphan's Tale,Fiction,Historical Fiction,Paperback,,9780778319818,Mira,Used,$0.50,Library Sale
1-Jan-2026,"Johansen, Iris",Silencing Eve,Fiction,Thriller,Paperback,,9781250849441,St. Martin's,Used,$0.00,Donation
1-Jan-2026,"Johnson-Bennett, Pam",Think Like A Cat,Nonfiction,Science,Paperback,,9780143119791,Penguin Books,Used,$0.00,Donation
1-Jan-2026,"Johnson, Jan",Living a Purpose-Full Life,Nonfiction,Christian,Paperback,,9781578560489,WaterBrook Press,Used,$0.00,Donation
1-Jan-2026,"Jomain, Sophie",A Heart for Christmas,Fiction,Romance,Paperback,,9781665990394,Simon & Schuster,Used,$0.00,Donation
1-Jan-2026,"Jonas, George",Vengeance,Nonfiction,History/Military,Paperback,,9780553250582,Bantam,Used,$0.00,Donation
1-Jan-2026,"Jones, Brian W.",Brew: Better Coffee at Home,Nonfiction,Science,Hardcover,,9780989888226,Dovetail,Used,$0.00,Donation
1-Jan-2026,"Jones, Holly Goddard",The Salt Line,Fiction,Thriller,Hardcover,,9780735214316,Putnam,Used,$0.50,Library Sale
1-Jan-2026,"Jones, Vincent",Operation Torch: Anglo-American Invasion of North Africa,Nonfiction,History/Military,Paperback,,028112,Ballantine Books,Used,$0.00,Donation
1-Jan-2026,"Jones, Virgil Carrington",Ranger Mosby,Nonfiction,History/Military,Paperback,,9780939009013,EPM Publications,Used,$0.00,Donation
1-Jan-2026,"Jordan, Robert",The Great Hunt (Wheel of Time #2),Fiction,Fantasy,Paperback,,9781250251480,Tor,Used,$0.00,Donation
1-Jan-2026,"Joubert, Stephan",The Bible in 365 Days for Men,Nonfiction,Inspirational,Paperback,,9781770364424,Christian Art Publishers,Used,$0.00,Donation
1-Jan-2026,"Joyner Jr., F. Belton",Being Methodist in the Bible Belt,Nonfiction,Christian,Paperback,,978066422685X,WJK Books,Used,$0.00,Donation
1-Jan-2026,"Karon, Jan","These High, Green Hills",Fiction,Christian,Paperback,,9780140257934,Penguin,Used,$0.75,Thrift
1-Jan-2026,"Kauffman, Henry J.",The Pennsylvania-Kentucky Rifle,Nonfiction,History/Military,Hardcover,,0517089548,Bonanza,Used,$0.00,Donation
1-Jan-2026,"Keegan, John",The Face of Battle,Nonfiction,History/Military,Hardcover,,670304328,Viking,Used,$0.00,Donation
1-Jan-2026,"Kerksis, Sydney C.",Ordnance Manual 1863,Nonfiction,History/Military,Hardcover,,0890290334,"Morningside House, Inc.",Used,$0.00,Donation
1-Jan-2026,"Kingsbury, Karen",Someday,Fiction,Literary,Paperback,,9780842387491,Tyndale,Used,$1.00,Thrift
1-Jan-2026,"Kingsolver, Barbara",The Poisonwood Bible,Fiction,Literary,Paperback,,9780060786502,Harper Perennial,Used,$0.50,Library Sale
1-Jan-2026,"Kitzinger, Sheila",Being Born,Nonfiction,Health/Psychology,Hardcover,,0863181694,Dorling Kindersley,Used,$0.00,Donation
1-Jan-2026,"Kostova, Elizabeth",The Historian,Fiction,Historical Fiction,Paperback,,9780316154543,Back Bay Books,Used,$0.50,Library Sale
1-Jan-2026,"Kramer, Peter D.",Listening to Prozac,Nonfiction,Health/Psychology,Paperback,,0140159401,Penguin,Used,$0.50,Library Sale
1-Jan-2026,"Kremmer, Christopher",The Carpet Wars,Nonfiction,Travel,Hardcover,,0060097329,Ecco,Used,$0.50,Library Sale
1-Jan-2026,"Kuang, R. F.",Babel,Fiction,Fantasy,Paperback,,9780063021433,Harper Voyager,Used,$0.00,Donation
1-Jan-2026,"Kuang, R. F.",The Poppy War,Fiction,Fantasy,Paperback,,9780062662583,Harper Voyager,Used,$0.00,Donation
1-Jan-2026,"Kyle, Chris",American Sniper,Nonfiction,Memoir,Paperback,,9780062376336,William Morrow,Used,$0.00,Donation
1-Jan-2026,"L'Amour, Louis",The Haunted Sea,Fiction,Western,Hardcover,,0553051822,Bantam,Used,$0.00,Donation
1-Jan-2026,"L'Amour, Louis",The Outlaws of Mesquite,Fiction,Western,Hardcover,,055305791X,Bantam,Used,$0.00,Donation
1-Jan-2026,"L'Amour, Louis",The Walking Drum,Fiction,Western,Hardcover,,0553050524,Bantam,Used,$0.00,Donation
1-Jan-2026,"LaHaye, Tim",Left Behind,Fiction,Christian,Paperback,,9780842342702,Living Books,Used,$0.00,Donation
1-Jan-2026,"Lang, Maureen",Springtime of the Spirit,Fiction,Historical Fiction,Paperback,,9781414324371,Tyndale,Used,$0.00,Donation
1-Jan-2026,"Lanier, Sydney",The Boy's King Arthur,Fiction,Classics,Hardcover,,0684191113,Scribners,Used,$0.00,Donation
1-Jan-2026,"Lanting, Frans",Forgotten Edens: Exploring the World's Wild Places,Nonfiction,Travel,Hardcover,,0000000000000,The National Geographic Society,Used,$0.00,Donation
1-Jan-2026,"Larson, Gary",The Far Side Gallery,Graphic,Humor,Paperback,,0836220625,Universal Press Syndicate,Used,$0.00,Donation
1-Jan-2026,"Lawhon, Ariel",The Frozen River,Fiction,Historical Fiction,Paperback,,9780593312070,Vintage,Used,$2.50,Thrift
1-Jan-2026,"Lee, Harper",To Kill a Mockingbird,Fiction,Classics,Paperback,,9780060935467,Harper Perennial,Used,$0.00,Donation
1-Jan-2026,"Lencioni, Patrick",The Five Dysfunctions of a Team,Nonfiction,Business/Tech,Hardcover,,9780787960759,Jossey-Bass,Used,$0.25,Thrift
1-Jan-2026,"Lepra, Dr. Nicole",How to Do the Work,Nonfiction,Self-Help,Hardcover,,9780063012097,Harper Wave,Used,$0.25,Thrift
1-Jan-2026,"Levin, Mark R.",American Marxism,Nonfiction,Politics,Hardcover,,9781501135972,Threshold Editions,Used,$0.75,Library Sale
1-Jan-2026,"Liasson, Miranda",Coming Home to Seashell Corner,Fiction,Romance,Paperback,,9781538736241,Forever,Used,$0.50,Library Sale
1-Jan-2026,"Llosa, Mario Vargas",The Dream of the Celt,Fiction,Literary,Hardcover,,9780374143466,FSG,Used,$0.25,Thrift
1-Jan-2026,"Load Commodity Sales, Inc.",The Inside Story on Barrel Craft,Nonfiction,Home/Cooking,Stapled,,0000000000000,"Load Commodity Sales, Inc.",Used,$0.00,Donation
1-Jan-2026,"Loigman, Lynda Cohen",The Wartime Sisters,Fiction,Historical Fiction,Hardcover,,9781250140708,St. Martin's,Used,$1.00,Thrift
1-Jan-2026,"London, Jack","The Call of the Wild, White Fang, The Sea-Wolf",Fiction,Classics,Hardcover,,0681270691,Longmeadow Press,Used,$0.00,Donation
1-Jan-2026,"Long, E. B.",Stonewall Jackson and the American Civil War,Nonfiction,History/Military,Hardcover,,0000000000000,Peter Smith,Used,$0.00,Donation
1-Jan-2026,"Lucado, Max",A Gentle Thunder,Nonfiction,Christian,Paperback,,9780849943248,W Publishing Group,Used,$0.00,Donation
1-Jan-2026,"Lucado, Max",A Love Worth Giving,Nonfiction,Christian,Paperback,,9780849913464,Thomas Nelson,Used,$0.00,Donation
1-Jan-2026,"Lucado, Max",Cure for the Common Life,Nonfiction,Christian,Hardcover,,9780849900085,W Publishing Group,Used,$0.00,Donation
1-Jan-2026,"Lucado, Max",He Chose the Nails,Nonfiction,Christian,Hardcover,,9780849916550,W Publishing Group,Used,$0.00,Donation
1-Jan-2026,"Lucado, Max",He Chose the Nails,Nonfiction,Christian,Paperback,,9780849905702,W Publishing Group,Used,$0.00,Donation
1-Jan-2026,"Lucado, Max",It's Not About Me,Nonfiction,Christian,Hardcover,,9781591450442,Integrity Publishing,Used,$0.00,Donation
1-Jan-2026,"Lucas, James",Storming Eagles: German Airborne Forces in World War Two,Nonfiction,History/Military,Hardcover,,0853688796,Arms and Armour,Used,$0.00,Donation
1-Jan-2026,"Lunt, James",The Retreat From Burma 1941-1942,Nonfiction,History/Military,Paperback,,978071539486X,David & Charles,Used,$0.00,Donation
1-Jan-2026,"Luther, Craig W. H. ",Blood and Honor,Nonfiction,History/Military,Hardcover,,0912138386,Luther,Used,$0.00,Donation
1-Jan-2026,"Luttwak, Edward",The Israeli Army,Nonfiction,History/Military,Hardcover,,0060127236,Harper & Row,Used,$0.00,Donation
1-Jan-2026,"Machoian, Dr. Lisa",The Disappearing Girl,Nonfiction,Health/Psychology,Paperback,,9780452287103,Plume,Used,$0.25,Thrift
1-Jan-2026,"Macomber, Debbie",Any Dream Will Do,Fiction,Literary,Hardcover,,9780399181191,Ballantine Books,Used,$0.75,Library Sale
1-Jan-2026,"Macomber, Debbie",If Not For You,Fiction,Literary,Hardcover,,9780553391961,Ballantine Books,Used,$0.75,Library Sale
1-Jan-2026,"Maguire, Gregory",Wicked,Fiction,Fantasy,Paperback,,9780062852847,William Morrow,Used,$1.00,Thrift
1-Jan-2026,"Mallory, Keith",The Architecture of War,Nonfiction,History/Military,Hardcover,,0394488253,Pantheon,Used,$0.00,Donation
1-Jan-2026,"Mandel, Emily St. John",Station Eleven,Fiction,Sci-Fi,Paperback,,9780804172448,Vintage,Used,$0.75,Thrift
1-Jan-2026,"Manzano, Sonia",Becoming Maria,Nonfiction,YA,Paperback,,9780545621854,Scholastic,Used,$0.50,Library Sale
1-Jan-2026,"Maple, Lindsay",Holly Jolly July,Fiction,Romance,Paperback,,9781335016591,Canary Street Press,Used,$0.00,Donation
1-Jan-2026,"Margolin, Phillip",Worthy Brown's Daughter,Fiction,Western,Paperback,,9780062369406,Harper,Used,$0.50,Library Sale
1-Jan-2026,"Marrs, John",Keep It in the Family,Fiction,Thriller,Paperback,,9781542017275,Thomas & Mercer,Used,$0.00,Donation
1-Jan-2026,"Martel, Yann",Life of Pi,Fiction,Literary,Paperback,,9780156027321,Harcourt,Used,$1.00,Thrift
1-Jan-2026,"Martin, Anthony J.",Dinosaurs Without Bones,Nonfiction,Science,Paperback,,9781605987033,Pegasus Books,Used,$0.00,Donation
1-Jan-2026,"Martin, George R. R. ",A Dance with Dragons,Fiction,Fantasy,Paperback,,9780553582017,Bantam,Used,$1.00,Thrift
1-Jan-2026,"Martin, William",The Rising of the Moon,Fiction,Historical Fiction,Paperback,,9780765367013,Forge,Used,$0.00,Donation
1-Jan-2026,"Mathison, John Ed",Treasures of the Transformed Life,Nonfiction,Christian,Paperback,,9780687334452,Abingdon Press,Used,$0.00,Donation
1-Jan-2026,"Maxwell, John C.",5 Levels of Leadership,Nonfiction,Business/Tech,Paperback,,9781599953632,Center Street,Used,$1.00,Thrift
1-Jan-2026,"Mayberry, Lee Ann",Homeward Bound Through Twomey,Fiction,Historical Fiction,Paperback,Local,9781490858388,Westbow Press,Used,$0.00,Donation
1-Jan-2026,"Mazzarella, Nicole",This Heavy Silence,Fiction,Literary,Hardcover,,9781557254257,Paraclete Press,Used,$1.00,Thrift
1-Jan-2026,"McCabe, Erin Lindsay",I Shall Be Near to You,Fiction,Historical Fiction,Paperback,,9780804137744,Broadway,Used,$0.50,Library Sale
1-Jan-2026,"McCaffrey, Anne",Freedom's Ransom,Fiction,Sci-Fi,Hardcover,,0399148892,Ace,Used,$0.00,Donation
1-Jan-2026,"McCloskey, David",The Seventh Floor,Fiction,Thriller,Paperback,,9781324116929,Norton,Used,$0.50,Library Sale
1-Jan-2026,"McDonald, Elvin",The Hyponex Handbook of House Plants,Nonfiction,Home/Cooking,Paperback,,0000000000000,The Hyponex Corporation,Used,$0.00,Donation
1-Jan-2026,"McDonough, James Lee",Five Tragic Hours: The Battle of Franklin,Nonfiction,History/Military,Paperback,Local,0870493965,University of Tennessee Press,Used,$0.00,Donation
1-Jan-2026,"McEwan, Ian",Atonement,Fiction,Literary,Paperback,,9780385721790,Anchor Books,Used,$0.50,Library Sale
1-Jan-2026,"McFadden, Freida",Never Lie,Fiction,Thriller,Paperback,,9781728296166,Poisoned Pen,Used,$0.00,Donation
1-Jan-2026,"McGaugh, Scott",USS Midway: America's Shield,Nonfiction,History/Military,Paperback,,9781589808966,Pelican,Used,$0.00,Donation
1-Jan-2026,"McGinnis, Mindy",This Darkness Mine,Fiction,Thriller,Paperback,,9780062561602,Katherine Tegen Books,Used,$0.50,Library Sale
1-Jan-2026,"McIvor, James","God Rest Ye Merry, Soldiers",Fiction,Historical Fiction,Hardcover,,9780670034517,Viking,Used,$0.00,Donation
1-Jan-2026,"McKinlay, Jenn",Wait For It,Fiction,Romance,Paperback,,9780593101377,Berkley,Used,$0.00,Donation
1-Jan-2026,"McMurtry, Larry",Dead Man's Walk,Fiction,Western,Hardcover,,068480753X,Simon & Schuster,Used,$0.00,Donation
1-Jan-2026,"McNaught, Judith",Every Breath You Take,Fiction,Thriller,Hardcover,,0345479904,Ballantine Books,Used,$0.50,Library Sale
1-Jan-2026,"McPherson, James M.",Battle Cry of Freedom: The Civil War Era,Nonfiction,History/Military,Paperback,,0345359429,Ballantine Books,Used,$0.00,Donation
1-Jan-2026,"Melton, Glennon Doyle",Love Warrior,Nonfiction,Memoir,Hardcover,Signed,9781250075727,Flat Iron Books,Used,$0.50,Library Sale
1-Jan-2026,"Menuhin, Karen Baugh",The Birdcage Murders,Fiction,Mystery,Paperback,,9798837976438,Little Dog Publishing,Used,$0.50,Library Sale
1-Jan-2026,"Merritt, Frederick S.",Building Design and Construction Handbook,Nonfiction,Home/Cooking,Hardcover,,007041596X,McGraw-Hill,Used,$0.00,Donation
1-Jan-2026,"Meyer, Joyce",In Search of Wisdom,Nonfiction,Christian,Hardcover,,9781546017646,Faith Words,Used,$0.00,Donation
1-Jan-2026,"Meyer, Joyce",The Penny,Fiction,Christian,Hardcover,,9780446578110,Faith Words,Used,$0.00,Donation
1-Jan-2026,MHQ,"The Quarterly Journal of Military History, Autumn 2000, Vol. 13, No. 1",Nonfiction,History/Military,Hardcover,,0000000000000,Primedia,Used,$0.00,Donation
1-Jan-2026,MHQ,"The Quarterly Journal of Military History, Winter 1999, Vol. 11, No. 3",Nonfiction,History/Military,Hardcover,,0000000000000,Primedia,Used,$0.00,Donation
1-Jan-2026,MHQ,"The Quarterly Journal of Military History, Winter 2000, Vol. 12, No. 2",Nonfiction,History/Military,Hardcover,,0000000000000,Primedia,Used,$0.00,Donation
1-Jan-2026,"Millard, Candice",Destiny of the Republic,Nonfiction,History/Military,Paperback,,9780767929714,Anchor Books,Used,$0.00,Donation
1-Jan-2026,"Miller, John Jr.",Guadalcanal The First Offensive: The War in the Pacific,Nonfiction,History/Military,Hardcover,,0000000000000,National Historical Society,Used,$0.00,Donation
1-Jan-2026,"Miller, Ward A.",The 9th Australian Division Versus the Africa Corps,Nonfiction,History/Military,Stapled,,0000000000000,Combat Studies Institute,Used,$0.00,Donation
1-Jan-2026,"Milner, Samuel",Victory in Papua: The War in the Pacific,Nonfiction,History/Military,Hardcover,,0000000000000,National Historical Society,Used,$0.00,Donation
1-Jan-2026,"Mina, Denise",Still Midnight,Fiction,Thriller,Paperback,,9780316015646,Back Bay Books,Used,$0.50,Library Sale
1-Jan-2026,"Mitchard, Jacquelyn",Twelve Times Blessed,Fiction,Literary,Paperback,,9780061715785,Avon,Used,$0.50,Library Sale
1-Jan-2026,"Mitchell, Donald W.",A History of Russian and Soviet Sea Power,Nonfiction,History/Military,Hardcover,,0000000000000,MacMillan,Used,$0.00,Donation
1-Jan-2026,"Mitchell, Saundra",The Vespertine,Fiction,Historical Fiction,Paperback,,9780547721934,Graphia,Used,$1.00,Thrift
1-Jan-2026,"Mitchell, Siri",State of Lies,Fiction,Thriller,Paperback,,9780785228615,Thomas Nelson,Used,$0.00,Donation
1-Jan-2026,"Modesitt Jr., L. E.",Arms-Commander,Fiction,Fantasy,Hardcover,,9780765323811,Tor,Used,$0.00,Donation
1-Jan-2026,"Modesitt Jr., L. E.",Imager's Challenge,Fiction,Fantasy,Hardcover,,9780765321268,Tor,Used,$0.00,Donation
1-Jan-2026,"Modesitt Jr., L. E.",The Towers of Sunset,Fiction,Fantasy,Paperback,,9780812519671,Tor,Used,$0.00,Donation
1-Jan-2026,"Modesitt Jr., L. E.",Treachery's Fools,Fiction,Fantasy,Hardcover,,9780765385406,Tor,Used,$0.00,Donation
1-Jan-2026,"Moerk, Christian",Darling Jim,Fiction,Literary,Paperback,,9780805092080,Holt,Used,$0.50,Library Sale
1-Jan-2026,"Moldaver, Anette",Coffee Obsession,Nonfiction,Science,Hardcover,,9781465419552,DK,Used,$0.00,Donation
1-Jan-2026,"Molnar, Marta",The Secret Life of Sunflowers,Fiction,Literary,Paperback,,9781940627564,Independently Published,Used,$0.50,Library Sale
1-Jan-2026,"Morgan, Robert",Gap Creek,Fiction,Literary,Paperback,,0743203631,Scribners,Used,$0.50,Library Sale
1-Jan-2026,"Morley, Patrick",Devotion for Couples,Nonfiction,Christian,Hardcover,,9870310217657,Zondervan,Used,$0.00,Donation
1-Jan-2026,"Morris, Lynn",The Stars for a Light,Fiction,Christian,Paperback,,9781556614225,Bethany House Publishers,Used,$0.00,Donation
1-Jan-2026,"Morrow, James",The Last Witchfinder,Fiction,Historical Fiction,Paperback,,9780060821807,Harper Perennial,Used,$0.00,Donation
1-Jan-2026,"Morton, Louis",The Fall of the Philippines: The War in the Pacific,Nonfiction,History/Military,Hardcover,,0000000000000,National Historical Society,Used,$0.00,Donation
1-Jan-2026,"Mullen, Caitlin",Please See Us,Fiction,Thriller,Paperback,,9781982127497,Gallery Books,Used,$0.00,Donation
1-Jan-2026,"Muller, Werner","DIE 8,8 cm Flak 18-36-37-41",Nonfiction,History/Military,Stapled,,0000000000000,Dorheim,Used,$0.00,Donation
1-Jan-2026,"Murkoff, Heidi",What to Expect When You're Expecting,Nonfiction,Health/Psychology,Paperback,,9780761187486,Workman,Used,$0.50,Thrift
1-Jan-2026,"Murkoff, Heidi",What to Expect When You're Expecting,Nonfiction,Health/Psychology,Paperback,,9780761187486,Workman,Used,$1.00,Thrift
1-Jan-2026,"Murkoff, Heidi",What to Expect When You're Expecting,Nonfiction,Health/Psychology,Paperback,,9780761187486,Workman,Used,$1.00,Thrift
1-Jan-2026,National Banana Pudding Festival,National Banana Pudding Festival Cookbook,Nonfiction,Home/Cooking,Spiralbound,,0000000000000,NBPF Publishing,Used,$0.00,Donation
1-Jan-2026,National Geographic,The Incredible Machine,Nonfiction,Science,Hardcover,,0000000000000,The National Geographic Society,Used,$0.00,Donation
1-Jan-2026,"Noonan, Peggy",When Character Was King: A Story of Ronald Reagan,Nonfiction,Biography,Hardcover,,9780670882356,Viking,Used,$2.00,Thrift
1-Jan-2026,"Nordeen, Lon",Fighters Over Israel,Nonfiction,History/Military,Hardcover,,0517566036,Orion Books,Used,$0.00,Donation
1-Jan-2026,"Nowlin, Laura",If He Had Been With Me,Fiction,YA,Paperback,,9781728205489,Sourcebooks,Used,$0.00,Donation
1-Jan-2026,"Noyes, Emma",Guy's Girl,Fiction,Romance,Paperback,,9780593639009,Berkley,Used,$1.00,Thrift
1-Jan-2026,"Nunn, Malla",A Beautiful Place to Die,Fiction,Literary,Hardcover,,9781416586203,Atria Books,Used,$1.00,Thrift
1-Jan-2026,"O'Dell, Scott",Island of the Blue Dolphins,Fiction,YA,Paperback,,9780440439884,Yearling,Used,$1.00,Thrift
1-Jan-2026,"O'Neal, Gary",American Warrior: The True Story of a Legendary Ranger,Nonfiction,Biography,Hardcover,,9781250004321,St. Martin's,Used,$0.00,Donation
1-Jan-2026,"O'Reilly, Bill",Culture Warrior,Nonfiction,Politics,Paperback,,9780767920933,Broadway,Used,$0.00,Donation
1-Jan-2026,"O'Shaughnessy, Hugh","Grenada: Revolution, Invasion, and Aftermath",Nonfiction,History/Military,Paperback,,9780722165617,Sphere,Used,$0.00,Donation
1-Jan-2026,"O'Sullivan, Patrick",The Geography of Warfare,Nonfiction,History/Military,Hardcover,,0312321848,St. Martin's,Used,$0.00,Donation
1-Jan-2026,Obersalzberg,After the Battle,Nonfiction,History/Military,Stapled,,0000000000000,Obersalzberg,Used,$0.00,Donation
1-Jan-2026,"Ockwell-Smith, Sarah",The Second Baby,Nonfiction,Health/Psychology,Paperback,,9780349420042,Piatkus,Used,$0.25,Thrift
1-Jan-2026,"Oggins, Robin S.",Castles and Fortresses,Nonfiction,Travel,Hardcover,,1567990959,MetroBooks,Used,$0.00,Donation
1-Jan-2026,"Okungbowa, Suyi Davies",Son of the Storm,Fiction,Fantasy,Paperback,,9780316428941,Orbit,Used,$0.00,Donation
1-Jan-2026,"Orlean, Susan",The Orchid Thief,Nonfiction,Memoir,Paperback,,9780449003718,Ballantine Books,Used,$0.50,Library Sale
1-Jan-2026,"Orwell, George",1984,Fiction,Classics,Paperback,,9780451524935,Signet Classics,Used,$1.00,Thrift
1-Jan-2026,"Owen, Mark",No Easy Day: The Autobiography of a Navy Seal,Nonfiction,Memoir,Hardcover,,9780525953722,Dutton,Used,$2.00,Thrift
1-Jan-2026,"Owens, Candace",Blackout,Nonfiction,Politics,Hardcover,,9781982133276,Threshold Editions,Used,$0.00,Donation
1-Jan-2026,"Owens, Delia",Where the Crawdads Sing,Fiction,Literary,Paperback,,9780735219106,Putnam,Used,$0.00,Donation
1-Jan-2026,"Pace, Brenda",Deployed: Steps of Hope in Times of Uncertainty,Nonfiction,Inspirational,Paperback,,9781941448595,American Bible Society,Used,$0.00,Donation
1-Jan-2026,"Pagonis, William G.",Moving Mountains: Lessons in Leadership and Logistics from the Gulf War,Nonfiction,History/Military,Hardcover,,0875843603,Harvard Business Schoool,Used,$0.00,Donation
1-Jan-2026,"Pantley, Elizabeth",The No-Cry Sleep Solution,Nonfiction,Health/Psychology,Paperback,,9780071381390,McGraw Hill,Used,$0.00,Donation
1-Jan-2026,"Parker, Michael",The Watery Part of the World,Fiction,Literary,Hardcover,,9781565126824,Algonquin Books of Chapel Hill,Used,$1.00,Thrift
1-Jan-2026,"Pavlou, Stel",Decipher,Fiction,Thriller,Hardcover,,0312280750,Thomas Dunne Books,Used,$1.00,Thrift
1-Jan-2026,"Peale, Norman Vincent",The Power of Positive Thinking,Nonfiction,Self-Help,Paperback,,9780743234801,Simon & Schuster,Used,$0.00,Thrift
1-Jan-2026,"Pearlman, Edith",Binocular Vision,Fiction,Literary,Paperback,Anthology,9780982338292,Lookout Books,Used,$1.00,Thrift
1-Jan-2026,"Pelton, Robert Young",The Adventurist,Nonfiction,Memoir,Paperback,,9780767905768,Broadway,Used,$0.25,Thrift
1-Jan-2026,"Penrose, Andrea",Murder at Kensington Palace,Fiction,Mystery,Paperback,,9781496722829,Kensington Mystery,Used,$1.00,Thrift
1-Jan-2026,"Perrett, Bryan",Weapons of the Falklands Conflict,Nonfiction,History/Military,Hardcover,,0713713151,Blandford Press,Used,$0.00,Donation
1-Jan-2026,"Peterson, Mary Pflum","White Dresses: A Memoir of Love and Secrets, Mothers and Daughters",Nonfiction,Memoir,Paperback,,9780062386977,William Morrow,Used,$0.25,Thrift
1-Jan-2026,"Peterson, Per",Out Stealing Horses,Fiction,Literary,Paperback,,9780312427085,Picador,Used,$0.25,Thrift
1-Jan-2026,"Philipps, David",Wild Horse Country,Nonfiction,Science,Hardcover,,9780393247138,Norton,Used,$0.50,Library Sale
1-Jan-2026,"Phillips, John",Exploring the Epistle of James,Nonfiction,Christian,Hardcover,,9780825433955,Kregel Publications,Used,$0.00,Donation
1-Jan-2026,"Pink, Daniel H.",Drive: The Surprising Truth About What Motivates Us,Nonfiction,Business/Tech,Hardcover,,9781594488849,Riverhead Books,Used,$0.25,Thrift
1-Jan-2026,Pitkin Pictorials,The Household Divison,Nonfiction,History/Military,Stapled,,0000000000000,Pitkin Pictorials,Used,$0.00,Donation
1-Jan-2026,"Poe, Edgar Allan",Great Tales and Poems of Edgar Allan Poe,Fiction,Classics,Paperback,,9781416534761,Simon & Schuster,Used,$1.00,Thrift
1-Jan-2026,"Pollan, Michael",The Omnivore's Dilemma,Nonfiction,Science,Paperback,,9780143038580,Penguin,Used,$0.00,Donation
1-Jan-2026,"Prange, Gordon W.",Miracle at Midway,Nonfiction,History/Military,Paperback,,0140068147,Penguin,Used,$0.00,Donation
1-Jan-2026,"Preston, Douglas",Impact,Fiction,Thriller,Hardcover,,9780765317681,Forge,Used,$1.00,Thrift
1-Jan-2026,"Prochnow, Herbert V.",Speaker's & Toastmaster's Handbook,Nonfiction,Self-Help,Paperback,,9781559581462,Prima Publishing,Used,$0.00,Donation
1-Jan-2026,"Proulx, Annie",Close Range: Wyoming Stories,Fiction,Western,Paperback,Anthology,0684852225,Scribners,Used,$0.50,Library Sale
1-Jan-2026,"Rahman, Fazlur",Islam: Second Edition,Nonfiction,Philosophy/Religion,Paperback,,0226702812,University of Chicago Press,Used,$0.50,Library Sale
1-Jan-2026,"Rawlings, Marjorie Kinnan",The Yearling,Fiction,Classics,Hardcover,,0684184613,Scribners,Used,$0.00,Donation
1-Jan-2026,"Redman, Lenn",How to Draw Caricatures,Nonfiction,Sci-Fi,Paperback,,0809256851,Contemporary Books,Used,$0.00,Donation
1-Jan-2026,"Reed, David",The Art & Craft of Stonescaping,Nonfiction,Home/Cooking,Hardcover,,1579900186,Lark Books,Used,$0.00,Donation
1-Jan-2026,"Reid, Don",One Lane Bridge,Fiction,Literary,Paperback,,9781434765086,David C Cook,Used,$0.00,Donation
1-Jan-2026,"Rice, Helen Steiner",Daily Stepping Stones,Nonfiction,Inspirational,Hardcover,,9780800716167,Revell,Used,$0.00,Donation
1-Jan-2026,"Rickards, James",The Road to Ruin,Nonfiction,Business/Tech,Hardcover,,9780735217072,Portfolio,Used,$0.75,Thrift
1-Jan-2026,"Rioux, Anne Boyd","Meg, Jo, Beth, Amy: The Story of Little Women",Nonfiction,Literary,Paperback,,9780393357271,Norton,Used,$0.50,Library Sale
1-Jan-2026,"Rivers, Gayle",The Specialist: Revelations of a Counterterrorist,Nonfiction,History/Military,Hardcover,,0000000000000,Stein and Day,Used,$0.00,Donation
1-Jan-2026,"Roberts, Nora",Angels Fall,Fiction,Romance,Paperback,,9780515143171,Jove,Used,$0.75,Thrift
1-Jan-2026,"Roberts, Nora",Brazen Virtue,Fiction,Romance,Paperback,,9780553386455,Bantam Books,Used,$0.50,Library Sale
1-Jan-2026,"Roberts, Nora",Dangerous,Fiction,Romance,Paperback,,0373218540,Silhouette Books,Used,$0.75,Thrift
1-Jan-2026,"Roberts, Nora",Midnight Shadows,Fiction,Romance,Paperback,,9781335425966,Silhouette Books,Used,$0.75,Thrift
1-Jan-2026,"Roberts, Nora",The Liar,Fiction,Romance,Hardcover,,9780399170867,Putnam,Used,$1.00,Thrift
1-Jan-2026,"Robinson, Patrick",H. M. S. Unseen,Fiction,Thriller,Hardcover,,0060193158,Harper Collins,Used,$0.00,Donation
1-Jan-2026,"Rogers, H. C. B.",The Mounted Troops of the British Army,Nonfiction,History/Military,Hardcover,,0000000000000,"Seely, Service & Co.",Used,$0.00,Donation
1-Jan-2026,"Rogness, Andrew",Crossing Boundary Waters: A Spiritual Journey in Canoe Country,Nonfiction,Travel,Paperback,,9780806627304,Augsburg,Used,$0.00,Donation
1-Jan-2026,"Rohr, Richard",The Enneagram: A Christian Perspective,Nonfiction,Christian,Paperback,,9780824519506,Crossroad,Used,$0.50,Library Sale
1-Jan-2026,"Rollins, James",War Hawk,Fiction,Thriller,Hardcover,,9780062135278,William Morrow,Used,$0.00,Donation
1-Jan-2026,"Rominger, Lynne Marie",Tour of Duty: 50 Inspiring Stories from Our Men and Women in the Armed Forces,Nonfiction,Memoir,Paperback,,9781592330126,Fair Winds Press,Used,$0.00,Donation
1-Jan-2026,"Rooney, Sally",Normal People,Fiction,Literary,Paperback,,9781984822185,Hogarth,Used,$0.00,Donation
1-Jan-2026,"Rose, Jeneva",You Shouldn't Have Come Here,Fiction,Thriller,Paperback,,9798212876827,Black Stone Publishing,Used,$0.00,Donation
1-Jan-2026,"Rosenfelt, David",Best in Snow,Fiction,Mystery,Paperback,,9781250836564,Minotaur Books,Used,$0.75,Thrift
1-Jan-2026,"Rosenfelt, David",Collared: An Andy Carpenter Mystery,Fiction,Mystery,Hardcover,,9781250055354,Minotaur Books,Used,$1.00,Thrift
1-Jan-2026,"Rosenfelt, David",Dog Eat Dog: An Andy Carpenter Mystery,Fiction,Mystery,Hardcover,,9781250257123,Minotaur Books,Used,$1.00,Thrift
1-Jan-2026,"Rothernberg, Gunther E.",The Art of Warfare in the Age of Napoleon,Nonfiction,History/Military,Paperback,,0253310768,Indiana University Press,Used,$0.00,Donation
1-Jan-2026,"Rove, Karl",Courange and Consequence: My Life as a Conservative in the Fight,Nonfiction,Biography,Hardcover,,9781439191057,Threshold Editions,Used,$0.00,Donation
1-Jan-2026,"Rudel, Hans-Ulrich",Stuka Pilot,Nonfiction,History/Military,Hardcover,,0939482045,The Noontide Press,Used,$0.00,Donation
1-Jan-2026,"Ryan, Paul B.",The Iranian Rescue Mission: Why It Failed,Nonfiction,History/Military,Hardcover,,0870213210,Naval Institute Press,Used,$0.00,Donation
1-Jan-2026,"Ryan, Shari J.",The Doctor's Daughter,Fiction,Historical Fiction,Paperback,,978180314373,Bookouture,Used,$0.50,Library Sale
1-Jan-2026,"Salam, Anbara",Belladonna,Fiction,Literary,Hardcover,,9780593099346,Berkley,Used,$1.00,Thrift
1-Jan-2026,"Salvatore, R. A.",The Dame,Fiction,Fantasy,Hardcover,,9780765317902,Tor,Used,$0.00,Donation
1-Jan-2026,"Sanders, Al","I'm Trying to Number My Days, But I Keep Losing Count",Nonfiction,Inspirational,Hardcover,,9781578560527,WaterBrook Press,Used,$0.00,Donation
1-Jan-2026,"Sanderson, Brandon",Steelheart,Fiction,Sci-Fi,Paperback,,9780385743570,Ember,Used,$0.50,Library Sale
1-Jan-2026,"Schlichting, Nancy M.",Unconventional Leadership,Nonfiction,Business/Tech,Hardcover,Signed,9781629561547,Bibliomotion,Used,$0.25,Thrift
1-Jan-2026,"Schnase, Robert",Five Practices of Fruitful Congregations,Nonfiction,Christian,Paperback,,9780678645404,Abingdon Press,Used,$0.00,Donation
1-Jan-2026,"Sell, Colleen (ed.)",A Cup of Comfort,Nonfiction,Inspirational,Paperback,,978158062524X,Adams,Used,$0.00,Donation
1-Jan-2026,"Sell, Colleen (ed.)",A Cup of Comfort for Christmas,Nonfiction,Inspirational,Paperback,,9781598696585,Adams Media,Used,$0.00,Donation
1-Jan-2026,"Seth, Vikram",An Equal Music,Fiction,Romance,Paperback,,037570924X,Vintage,Used,$1.00,Thrift
1-Jan-2026,"Sewell, Anna",Black Beauty,Fiction,Classics,Paperback,,9780439228905,Scholastic,Used,$0.50,Thrift
1-Jan-2026,"Shaara, Michael",The Killer Angels,Fiction,Historical Fiction,Paperback,,9780345348109,Ballantine Books,Used,$0.00,Donation
1-Jan-2026,"Shakespeare, William",The Works of William Shakespeare,Fiction,Classics,Hardcover,,9781858910366,Studio Editions,Used,$1.00,Thrift
1-Jan-2026,"Shamsie, Kamila",Broken Verses,Fiction,Literary,Paperback,,0156030535,Harcourt,Used,$1.00,Thrift
1-Jan-2026,"Shapero, Rich",Xiphactinus,Fiction,Thriller,Hardcover,,9798990140417,Too Far Media,Used,$0.25,Thrift
1-Jan-2026,"Singer, Randy",False Witness,Fiction,Thriller,Paperback,,9781414335698,Tyndale,Used,$0.50,Library Sale
1-Jan-2026,"Singh, Ravinder (ed.)",Love Stories that Touched by Heart,Fiction,Romance,Paperback,Anthology,9780143419648,Penguin India,Used,$0.00,Donation
1-Jan-2026,"Smith, Cornelius C. Jr.",Fort Huachuca: The History of a Frontier Post,Nonfiction,History/Military,Paperback,,0000000000000,Fort Huachuca,Used,$0.00,Donation
1-Jan-2026,"Smith, Jennifer",Thirty-One Prayers for My Husband,Nonfiction,Christian,Paperback,,9780986366734,Smith Family Resources,Used,$0.00,Donation
1-Jan-2026,"Smith, Robert Ross",The Approach to the Philippines: The War in the Pacific,Nonfiction,History/Military,Hardcover,,0000000000000,National Historical Society,Used,$0.00,Donation
1-Jan-2026,"Snaith, Skip",Canoes & Kayaks for the Backyard Builder,Nonfiction,Home/Cooking,Paperback,,0877422427,International Marine Publishing Company,Used,$0.00,Donation
1-Jan-2026,"Snow, Brittany",September Letters,Nonfiction,Inspirational,Hardcover,,9780063242227,Harper Design,Used,$0.00,Donation
1-Jan-2026,"Sommer, Robin Langley",Pacific Northwest,Nonfiction,Travel,Hardcover,,0831767146,Gallery Books,Used,$0.00,Donation
1-Jan-2026,"Soukup, Ruth",Do it Scared,Nonfiction,Business/Tech,Hardcover,,9780310353812,Zondervan,Used,$0.00,Donation
1-Jan-2026,Southern Living,Annual Recipes Cookbooks,Nonfiction,Home/Cooking,Hardcover,,0848716884,Oxmoor House,Used,$0.00,Donation
1-Jan-2026,"Spangler, Ann",Women of the Bible,Nonfiction,Christian,Hardcover,,9780310223528,Zondervan,Used,$0.00,Donation
1-Jan-2026,"Sparks, Nicholas",A Bend in the Road,Fiction,Romance,Paperback,,9780446611867,Warner Books,Used,$0.00,Donation
1-Jan-2026,"Sparks, Nicholas",Nights in the Rodanthe,Fiction,Romance,Paperback,,9780446691796,Grand Central Publishing,Used,$0.75,Thrift
1-Jan-2026,"Sparks, Nicholas",The Choice,Fiction,Romance,Paperback,,9781455588992,Grand Central Publishing,Used,$0.50,Library Sale
1-Jan-2026,"Sparks, Nicholas",The Lucky One,Fiction,Romance,Paperback,,9780446698344,Grand Central Publishing,Used,$1.00,Thrift
1-Jan-2026,"Sparks, Nicholas",The Rescue,Fiction,Romance,Paperback,,9781538705438,Grand Central Publishing,Used,$1.00,Thrift
1-Jan-2026,Squadron/Signal ,Sturmgeschutz III in Action,Nonfiction,History/Military,Stapled,,0897470478,Squadron/Signal Publications,Used,$0.00,Donation
1-Jan-2026,"Stanley, Thomas J.",The Millionaire Next Door,Nonfiction,Business/Tech,Hardcover,,9781563523302,Longstreet Press,Used,$0.25,Thrift
1-Jan-2026,"Steel, Danielle",The Challenge,Fiction,Romance,Paperback,,9781984821638,Dell,Used,$1.00,Thrift
1-Jan-2026,"Steel, Danielle",Winners,Fiction,Romance,Hardcover,,9780385343220,Delacorte Press,Used,$1.00,Thrift
1-Jan-2026,"Sten, Viveca",In the Heat of the Moment,Fiction,Mystery,Paperback,,9781503904842,Amazon Crossing,Used,$0.00,Donation
1-Jan-2026,"Stephenson, Neal",Cryptonomicon,Fiction,Thriller,Paperback,,9780060512806,Avon,Used,$0.00,Donation
1-Jan-2026,"Stern, Dr. Robin",The Gaslight Effect,Nonfiction,Health/Psychology,Paperback,,9780767924467,Harmony Books,Used,$0.25,Thrift
1-Jan-2026,"Steven, Stewart",The Spy-Masters of Israel,Nonfiction,History/Military,Hardcover,,0026144107,MacMillan,Used,$0.00,Donation
1-Jan-2026,"Stevenson, Robert Louis",Kidnapped,Fiction,Classics,Hardcover,,0684176343,Scribners,Used,$0.00,Donation
1-Jan-2026,"Stevenson, Robert Louis",The Black Arrow,Fiction,Classics,Hardcover,,0684188775,Scribners,Used,$0.00,Donation
1-Jan-2026,"Stevenson, Robert Louis",Treasure Island,Fiction,Classics,Hardcover,,0684171600,Scribners,Used,$0.00,Donation
1-Jan-2026,"Stirling, S. M. ",The Sky People,Fiction,Sci-Fi,Paperback,,9780765327277,Tor,Used,$0.00,Donation
1-Jan-2026,"Stirling, S. M. ",The Sword of the Lady,Fiction,Sci-Fi,Hardcover,,9780451462909,Roc,Used,$0.00,Donation
1-Jan-2026,"Stockett, Kathryn",The Help,Fiction,Historical Fiction,Hardcover,,9780399155345,Amy Einhorn Books,Used,$0.50,Library Sale
1-Jan-2026,"Stone, Mary",Cold Truth,Fiction,Thriller,Paperback,,9781660486793,Independently Published,Used,$0.50,Library Sale
1-Jan-2026,"Sullivan, Michael J.",Age of Myth,Fiction,Fantasy,Paperback,,9781101965351,Del Rey,Used,$0.00,Donation
1-Jan-2026,"Summit, Pat",Reach for the Summit,Nonfiction,Business/Tech,Hardcover,,0767902289,Broadway,Used,$0.00,Donation
1-Jan-2026,"Swinson, Arthur",The Raiders: Desert Strike Force,Nonfiction,History/Military,Paperback,,01693,Ballantine Books,Used,$0.00,Donation
1-Jan-2026,"Swinton, E. D.",The Defence of Duffer's Drift,Nonfiction,History/Military,Stapled,,0000000000000,US Army and General Staff College,Used,$0.00,Donation
1-Jan-2026,"Sword, Wiley","Embrace an Angry Wind: The Confederacy's Last Hurrah Spring Hill, Franklin, and Nashville",Nonfiction,History/Military,Hardcover,Local,9780060163011,Harper Collins,Used,$0.00,Donation
1-Jan-2026,"Sydnor Jr., Charles W.","Soldiers of Destruction: The SS Death's Head Divison, 1933-1945",Nonfiction,History/Military,Paperback,,9780691100756,Princeton University Press,Used,$0.00,Donation
1-Jan-2026,"Symonds, Craig L.",Stonewall of the West: Patrick Cleburne & The Civil War,Nonfiction,History/Military,Hardcover,,9780700608206,University Press of Kansas,Used,$0.00,Donation
1-Jan-2026,Taste of Home,1999 Taste of Home Annual Recipes,Nonfiction,Home/Cooking,Hardcover,,0898212391,Taste of Home Books,Used,$0.00,Donation
1-Jan-2026,Taste of Home,2000 Taste of Home Annual Recipes,Nonfiction,Home/Cooking,Hardcover,,0898212650,Taste of Home Books,Used,$0.00,Donation
1-Jan-2026,Taste of Home,2001 Taste of Home Annual Recipes,Nonfiction,Home/Cooking,Hardcover,,089821291X,Taste of Home Books,Used,$0.00,Donation
1-Jan-2026,Taste of Home,Low-Fat Country Cooking,Nonfiction,Home/Cooking,Hardcover,,0898212103,Taste of Home Books,Used,$0.00,Donation
1-Jan-2026,"Terkel, Studs",The Good War: An Oral History of World War Two,Nonfiction,History/Military,Hardcover,,0394531035,Pantheon,Used,$0.00,Donation
1-Jan-2026,"TerKeurst, Lysa",Becoming More than a Good Bible Study Girl,Nonfiction,Christian,Paperback,,9780310293255,Zondervan,Used,$0.00,Donation
1-Jan-2026,"TerKeurst, Lysa",Uninvited,Nonfiction,Christian,Paperback,,9781400205875,Nelson Books,Used,$0.00,Donation
1-Jan-2026,The Melting Pot,Dip Into Something Different,Nonfiction,Home/Cooking,Hardcover,,9780979728303,The Melting Pot,Used,$0.00,Donation
1-Jan-2026,The Melting Pot,Dip Into Something Different,Nonfiction,Home/Cooking,Hardcover,,9780979728303,The Melting Pot,Used,$0.00,Donation
1-Jan-2026,"Thoele, Sue Patton",Freedom After 50,Nonfiction,Inspirational,Hardcover,,1573241261,Conari Press,Used,$0.00,Donation
1-Jan-2026,"Thompson, Bryce D.","U.S. Military Museums, Historic Sites & Exhibits",Nonfiction,Travel,Paperback,,0914862197,Military Living,Used,$0.00,Donation
1-Jan-2026,"Tolle, Eckhart",A New Earth,Nonfiction,Business/Tech,Paperback,,9780452289963,Penguin,Used,$1.00,Thrift
1-Jan-2026,"Tremblay, Paul",Disappearance at Devil's Rock,Fiction,Thriller,Paperback,,9780063312470,William Morrow,Used,$0.00,Donation
1-Jan-2026,"Trotter, William R.",Ironclads and Columbiads: The Civil War in North Carolina,Nonfiction,History/Military,Paperback,,9780895870889,John F. Blair,Used,$0.00,Donation
1-Jan-2026,"Trudeau, Noah Andre","Bloody Roads South: The Wilderness to Cold Harbor, May-June 1864",Nonfiction,History/Military,Hardcover,,0316853267,"Little, Brown",Used,$0.00,Donation
1-Jan-2026,"Turow, Scott",Reversible Errors,Fiction,Thriller,Hardcover,,0374281602,FSG,Used,$0.50,Library Sale
1-Jan-2026,"Twain, Mark",The Adventures of Tom Sawyer,Fiction,Classics,Paperback,,9781593080686,Barnes & Noble Classics,Used,$0.75,Thrift
1-Jan-2026,"Underwood, Ryan",A Year Like No Other,Nonfiction,Science,Hardcover,,9781637630037,Forefront Books,Used,$2.00,Thrift
1-Jan-2026,"Van Creveld, Martin",Command in War,Nonfiction,History/Military,Hardcover,,0674144406,Harvard University Press,Used,$0.00,Donation
1-Jan-2026,"Van Creveld, Martin",Supplying War: Logistics from Wallenstein to Patton,Nonfiction,History/Military,Paperback,,0521297931,Cambridge University Press,Used,$0.00,Donation
1-Jan-2026,"Van Lustbader, Eric",The Bourne Legacy,Fiction,Thriller,Hardcover,,0312331754,St. Martin's,Used,$0.50,Library Sale
1-Jan-2026,"Vazsonyi, Balint",America's 30 Years War: Who is Winning?,Nonfiction,History/Military,Hardcover,,9780895263544,Regnery,Used,$0.00,Donation
1-Jan-2026,"Verne, Jules",The Mysterious Island,Fiction,Classics,Hardcover,,0684189577,Scribners,Used,$0.00,Donation
1-Jan-2026,"Vigor, P. H.",Soviet Blitzkrieg Theory,Nonfiction,History/Military,Paperback,,978031274756X,St. Martin's,Used,$0.00,Donation
1-Jan-2026,Virgil (Robert Fitzgerald ed.),The Aeneid,Poetry,Classics,Paperback,,9780679729526,Vintage,Used,$1.00,Thrift
1-Jan-2026,"Von Clausewitz, Carl ",On War,Nonfiction,History/Military,Hardcover,,0000000000000,Princeton University Press,Used,$0.00,Donation
1-Jan-2026,Von Horst Schiebert,Die Panzer IV-Familie,Nonfiction,History/Military,Stapled,,0000000000000,Dorheim,Used,$0.00,Donation
1-Jan-2026,"Walsh, Jenni L.",I Am Defiance,Fiction,YA,Paperback,,9781338630787,Scholastic,Used,$0.50,Thrift
1-Jan-2026,"Watterson, Bill",Something Under the Bed is Drooling,Graphic,Humor,Paperback,,0836218256,Universal Press Syndicate,Used,$0.00,Donation
1-Jan-2026,"Watterson, Bill",The Authoritative Calvin and Hobbes,Graphic,Humor,Paperback,,0836218221,Universal Press Syndicate,Used,$0.00,Donation
1-Jan-2026,"Weaver, Joanna",Having a Mary Heart in a Martha World,Nonfiction,Christian,Paperback,,9781578562589,WaterBrook Press,Used,$0.00,Donation
1-Jan-2026,"Weaver, Joanna",Having a Mary Spirit,Nonfiction,Christian,Paperback,,9781400072477,WaterBrook Press,Used,$0.00,Donation
1-Jan-2026,"Weber, Joe",Defcon One,Fiction,Thriller,Hardcover,,0891413413,Presidio,Used,$0.00,Donation
1-Jan-2026,"Weeks, Brent",The Black Prism (Lightbringer #1),Fiction,Fantasy,Paperback,,9780316068130,Orbit,Used,$0.00,Donation
1-Jan-2026,"Weeks, Brent",The Blood Mirror (Lightbringer #4),Fiction,Fantasy,Hardcover,,9780316251334,Orbit,Used,$0.00,Donation
1-Jan-2026,"Weeks, Brent",The Burning White (Lightbringer #5),Fiction,Fantasy,Hardcover,,9780316251303,Orbit,Used,$2.00,Thrift
1-Jan-2026,"Weeks, John",Infantry Weapons,Nonfiction,History/Military,Paperback,,24723X,Ballantine Books,Used,$0.00,Donation
1-Jan-2026,"Welcher, Rachel Joy",Talking Back to Purity Culture,Nonfiction,Christian,Paperback,,9780830848164,IVP,Used,$1.00,Thrift
1-Jan-2026,"Wesson, Marianne",Render Up the Body,Fiction,Thriller,Hardcover,,978006018292X,Harper Collins,Used,$0.00,Donation
1-Jan-2026,"Williams, Shanora",The Wife Before,Fiction,Thriller,Paperback,,9781496731111,Dafina Kenginston,Used,$0.50,Library Sale
1-Jan-2026,"Williams, Tennessee",A Streetcar Named Desire,Fiction,Classics,Paperback,,9780451167783,Signet,Used,$0.50,Thrift
1-Jan-2026,"Williams, Tia",Seven Days in June,Fiction,Romance,Paperback,,9781538719091,Grand Central Publishing,Used,$0.50,Library Sale
1-Jan-2026,"Williamson, Suzanne",Entertaining for Dummies,Nonfiction,Home/Cooking,Paperback,,0764550276,Wiley,Used,$0.00,Donation
1-Jan-2026,"Willinck, Jocko",Extreme Ownership,Nonfiction,Business/Tech,Hardcover,,9781250067050,St. Martin's,Used,$0.25,Thrift
1-Jan-2026,"Willits, Terry",Simply Sense Sensational Christmas,Nonfiction,Home/Cooking,Hardcover,,0310218020,Zondervan,Used,$0.00,Donation
1-Jan-2026,"Wilson, Susan",Hawke's Cove,Fiction,Historical Fiction,Hardcover,,9780671035738,Pocket Books,Used,$0.00,Donation
1-Jan-2026,"Winegardner, Mark",The Godfather Returns,Fiction,Thriller,Hardcover,,9781400061013,Random House,Used,$1.00,Thrift
1-Jan-2026,"Winterbotham, F. W. ",The Ultra Secret,Nonfiction,History/Military,Hardcover,,0060146788,Harper & Row,Used,$0.00,Donation
1-Jan-2026,"Wohlford, Barbara M.",Breakfast Inn Style,Nonfiction,Home/Cooking,Paperback,,1558534636,Rutledge Hill Press,Used,$0.00,Donation
1-Jan-2026,"Wolf, Joan",A Reluctant Queen,Fiction,Historical Fiction,Paperback,,9781595548764,Thomas Nelson,Used,$0.50,Library Sale
1-Jan-2026,"Wong, Dr. Michelle",The Science of Beauty,Nonfiction,Health/Psychology,Hardcover,,9780744092837,DK,Used,$0.00,Donation
1-Jan-2026,"Woodward, Gerard",A Curious Earth,Fiction,Literary,Paperback,,9780393330977,W. W. Norton,Used,$1.00,Thrift
1-Jan-2026,"Wouk, Herman",The Hope,Fiction,Thriller,Hardcover,,0316955191,"Little, Brown",Used,$0.00,Donation
1-Jan-2026,"Yarros, Rebecca",Fourth Wing,Fiction,Fantasy,Paperback,,9781649377371,Red Tower Books,Used,$0.00,Donation
1-Jan-2026,"Young, Peter (ed.)",The War Game,Nonfiction,History/Military,Hardcover,,0157120704,Crescent Books,Used,$0.00,Donation
1-Jan-2026,"Ziegler, Philip",Omdurman,Nonfiction,History/Military,Hardcover,,9780002116120,Collins,Used,$0.00,Donation
1-Jan-2026,"Ziglar, Zig",What I Learned on the Way to the Top,Nonfiction,Business/Tech,Hardcover,,9781562925423,Honor Books,Used,$0.00,Donation
